id,Project,TeamExp,ManagerExp,YearEnd,Length,Effort,Transactions,Entities,PointsNonAdjust,Adjustment,PointsAjust,Language,source,deadline_missed
1,1,1,4,85,12,5152,253,52,305,34,302,1,real,1
2,2,0,0,86,4,5635,197,124,321,33,315,1,real,1
3,3,4,4,85,1,805,40,60,100,18,83,1,real,1
4,4,0,0,86,5,3829,200,119,319,30,303,1,real,1
5,5,0,0,86,4,2149,140,94,234,24,208,1,real,1
6,6,0,0,86,4,2821,97,89,186,38,192,1,real,1
7,7,2,1,85,9,2569,119,42,161,25,145,2,real,0
8,8,1,2,83,13,3913,186,52,238,25,214,1,real,0
9,9,3,1,85,12,7854,172,88,260,30,247,1,real,1
10,10,3,4,83,4,2422,78,38,116,24,103,1,real,0
11,11,4,1,84,21,4067,167,99,266,24,237,1,real,0
12,12,2,1,84,17,9051,146,112,258,40,271,1,real,1
13,13,1,1,84,3,2282,33,72,105,19,88,1,real,1
14,14,3,4,85,8,4172,162,61,223,32,216,1,real,0
15,15,4,4,85,9,4977,223,121,344,28,320,1,real,1
16,16,3,2,85,8,1617,119,48,167,26,152,2,real,1
17,17,4,3,85,8,3192,57,43,100,43,108,1,real,0
18,18,4,4,86,14,3437,68,316,384,20,326,2,real,0
19,19,3,4,87,14,4494,9,386,395,21,340,2,real,1
20,20,4,2,86,5,840,58,34,92,29,86,1,real,1
21,21,4,4,86,12,14973,318,269,587,34,581,2,real,1
22,22,2,4,85,18,5180,88,170,258,34,255,1,real,0
23,23,2,4,86,5,5775,306,132,438,37,447,1,real,1
24,24,4,1,87,20,10577,304,78,382,39,397,1,real,0
25,25,1,4,86,8,3983,89,200,289,33,283,1,real,0
26,26,4,1,85,14,3164,86,230,316,33,310,1,real,0
27,27,2,0,86,6,3542,71,235,306,37,312,1,real,1
28,28,3,1,85,14,4277,148,324,472,39,491,1,real,0
29,29,4,4,85,16,7252,116,170,286,27,263,1,real,1
30,30,4,1,85,14,3948,175,277,452,37,461,1,real,0
31,31,4,3,86,6,3927,79,128,207,27,190,1,real,1
32,32,1,1,86,9,710,145,38,183,27,168,3,real,0
33,33,4,4,87,9,2429,174,78,252,41,267,3,real,0
34,34,1,1,85,5,6405,194,91,285,35,285,1,real,1
35,35,2,2,88,3,651,126,49,175,38,180,3,real,0
36,36,1,3,86,17,9135,317,119,436,34,432,2,real,1
37,37,2,4,87,11,1435,289,88,377,28,351,3,real,0
38,38,-1,-1,87,8,5922,260,144,404,24,360,1,real,1
39,39,1,4,88,4,847,158,59,217,18,180,3,real,1
40,40,3,3,88,16,8050,302,145,447,52,523,2,real,0
41,41,1,1,87,9,4620,451,48,499,28,464,1,real,1
42,42,2,4,87,34,2352,661,132,793,23,698,3,real,0
43,43,1,1,88,10,2174,64,54,118,25,106,1,real,0
44,44,-1,4,86,39,19894,284,230,514,50,591,1,real,1
45,45,2,1,86,18,6699,182,126,308,35,308,1,real,0
46,46,2,3,87,27,14987,173,332,505,19,424,1,real,1
47,47,2,2,88,9,4004,252,7,259,28,241,1,real,1
48,48,4,3,85,11,12824,131,180,311,51,361,1,real,1
49,49,2,3,85,8,2331,106,39,145,6,103,1,real,1
50,50,3,3,85,9,5817,96,108,204,29,192,1,real,0
51,51,2,3,85,7,2989,116,72,188,18,156,1,real,1
52,52,3,3,85,6,3136,86,49,135,32,131,1,real,1
53,53,2,3,85,17,14434,221,121,342,35,342,1,real,1
54,54,1,1,87,12,2583,61,96,157,18,130,1,real,0
55,55,1,3,86,12,3647,132,89,221,5,155,2,real,1
56,56,3,7,86,13,8232,45,387,432,16,350,2,real,1
57,57,1,1,86,12,3276,55,112,167,12,129,2,real,1
58,58,1,4,87,8,2723,124,52,176,14,139,2,real,0
59,59,3,3,87,5,3472,120,126,246,15,197,2,real,1
60,60,1,2,87,6,1575,47,32,79,14,62,2,real,0
61,61,1,1,86,12,2926,126,107,233,23,205,2,real,1
62,62,3,2,86,6,1876,101,45,146,15,117,2,real,1
63,63,1,1,86,5,2520,78,99,177,14,140,1,real,1
64,64,4,7,86,13,1603,69,74,143,14,113,1,real,0
65,65,1,3,86,8,3626,194,97,291,35,291,2,real,1
66,66,2,-1,87,10,6783,224,110,334,28,309,2,real,1
67,67,2,4,87,15,11361,323,184,507,35,507,2,real,1
68,68,1,3,86,6,1267,42,31,73,27,67,2,real,0
69,69,1,2,87,5,2548,74,43,117,25,105,2,real,0
70,70,3,4,87,10,1155,101,57,158,9,117,2,real,0
71,71,0,4,86,6,546,97,42,139,6,99,3,real,0
72,72,2,3,84,13,2275,134,77,211,13,165,2,real,1
73,73,4,5,86,26,9100,482,227,709,26,645,2,real,1
74,74,0,2,84,6,595,213,73,286,6,203,3,real,0
75,75,0,-1,84,22,3941,139,143,282,22,245,2,real,0
76,76,2,3,86,24,13860,473,182,655,40,688,2,real,0
77,77,4,4,85,12,1400,229,169,398,39,414,3,real,0
78,78,4,3,83,12,2800,227,73,300,34,297,1,real,1
79,79,4,4,82,24,9520,395,193,588,40,617,1,real,1
80,80,4,3,86,12,5880,469,176,645,43,697,3,real,0
81,81,4,4,85,36,23940,886,241,1127,34,1116,1,real,1
82,82,3,3,85,15,14169,203,188,511,40,468,2,synthetic,1
83,83,3,2,85,8,3721,43,44,95,14,88,1,synthetic,0
84,84,1,0,88,16,5891,207,51,259,34,219,2,synthetic,1
85,85,3,2,86,8,2489,337,60,297,39,296,3,synthetic,0
86,86,2,0,86,4,2560,140,61,196,28,159,1,synthetic,0
87,87,1,1,85,14,6698,76,186,272,21,207,1,synthetic,1
88,88,4,4,88,8,2371,126,129,295,25,244,1,synthetic,0
89,89,1,3,87,20,5777,429,148,499,31,545,2,synthetic,1
90,90,2,4,85,3,1574,81,43,125,6,88,2,synthetic,1
91,91,3,4,85,10,2008,79,127,263,15,196,2,synthetic,0
92,92,2,4,83,8,2279,94,40,135,25,108,1,synthetic,1
93,93,2,0,85,6,2566,69,77,155,39,154,1,synthetic,0
94,94,3,3,85,4,1442,82,178,240,26,245,2,synthetic,0
95,95,1,4,86,14,7657,127,338,365,32,349,1,synthetic,0
96,96,1,1,84,9,2527,56,91,128,25,102,1,synthetic,1
97,97,4,3,86,9,6094,66,173,269,18,228,1,synthetic,1
98,98,3,4,85,5,729,105,55,176,22,147,2,synthetic,0
99,99,3,3,86,6,9135,203,74,284,28,291,2,synthetic,1
100,100,4,2,85,17,9106,307,371,794,35,678,2,synthetic,0
101,101,1,2,84,12,4494,288,100,427,26,462,1,synthetic,0
102,102,3,1,86,5,3139,95,119,248,29,216,3,synthetic,1
103,103,0,1,83,13,5143,85,127,250,15,211,2,synthetic,1
104,104,2,1,84,11,5682,306,184,467,28,481,1,synthetic,1
105,105,3,4,86,39,23590,814,386,1108,38,1116,1,synthetic,1
106,106,1,1,85,6,2709,498,29,257,15,207,1,synthetic,0
107,107,4,4,87,6,1582,129,44,177,29,140,3,synthetic,0
108,108,4,4,85,4,2247,57,120,149,27,133,1,synthetic,0
109,109,4,1,86,8,2767,82,227,298,16,256,1,synthetic,1
110,110,4,4,83,6,1580,173,45,237,34,205,1,synthetic,1
111,111,2,-1,87,4,2226,44,131,133,26,110,2,synthetic,1
112,112,4,1,87,20,8646,114,248,381,28,333,1,synthetic,1
113,113,1,3,87,13,14241,129,385,451,32,410,1,synthetic,0
114,114,3,2,86,9,2525,89,126,270,20,228,1,synthetic,1
115,115,3,4,87,14,3124,116,163,333,24,291,1,synthetic,0
116,116,4,3,86,14,4938,140,233,450,39,457,1,synthetic,0
117,117,2,4,86,9,3851,128,116,296,21,276,1,synthetic,0
118,118,1,0,84,14,9106,310,195,491,28,470,2,synthetic,0
119,119,1,4,87,9,2106,105,97,204,13,155,2,synthetic,0
120,120,3,2,84,8,3479,53,49,96,24,96,2,synthetic,1
121,121,4,4,86,11,3837,78,124,219,29,191,1,synthetic,1
122,122,3,4,86,12,3992,227,90,295,31,336,2,synthetic,1
123,123,1,2,87,13,10405,353,366,716,41,678,1,synthetic,1
124,124,4,3,86,9,2345,28,75,93,28,90,1,synthetic,1
125,125,4,4,86,11,2332,140,45,244,37,251,3,synthetic,0
126,126,0,4,85,8,5731,71,96,178,23,134,2,synthetic,1
127,127,3,1,85,8,3908,188,141,315,19,306,1,synthetic,0
128,128,3,1,87,22,9567,480,178,696,51,691,2,synthetic,1
129,129,4,4,85,25,4210,265,228,478,19,367,3,synthetic,0
130,130,2,4,88,24,7876,608,67,430,34,380,2,synthetic,0
131,131,2,-1,85,8,1563,140,76,205,25,145,2,synthetic,0
132,132,2,4,85,6,3042,88,55,160,14,109,2,synthetic,0
133,133,1,4,87,11,2352,156,69,239,24,204,1,synthetic,0
134,134,1,1,86,8,629,37,114,155,10,115,1,synthetic,0
135,135,3,7,83,24,5693,125,79,266,15,190,2,synthetic,1
136,136,1,1,86,22,13906,279,353,632,28,710,1,synthetic,1
137,137,3,1,86,9,2270,51,140,230,11,182,1,synthetic,1
138,138,1,1,84,6,1515,101,42,132,22,106,1,synthetic,0
139,139,1,1,85,12,6098,123,135,294,15,260,1,synthetic,0
140,140,1,3,85,6,671,35,50,99,6,77,3,synthetic,0
141,141,0,1,86,4,824,87,34,102,26,87,2,synthetic,0
142,142,4,1,85,12,14116,50,142,207,32,181,1,synthetic,1
143,143,1,2,86,8,6090,200,130,322,29,309,3,synthetic,1
144,144,3,2,86,12,14973,324,139,543,37,546,3,synthetic,0
145,145,1,-1,86,6,2886,307,71,303,38,313,1,synthetic,0
146,146,3,4,85,5,3716,132,71,228,52,254,3,synthetic,1
147,147,3,2,85,6,4205,77,105,171,33,164,1,synthetic,1
148,148,4,3,86,9,2300,85,100,234,18,209,1,synthetic,0
149,149,4,4,83,36,6390,114,81,276,34,284,1,synthetic,0
150,150,3,1,85,36,14059,317,327,693,36,688,2,synthetic,1
151,151,3,5,86,25,18095,216,165,410,35,450,1,synthetic,1
152,152,0,4,86,8,2440,65,38,116,15,92,2,synthetic,1
153,153,0,1,85,22,5914,99,127,244,5,177,2,synthetic,0
154,154,2,4,87,30,15399,293,130,615,32,625,1,synthetic,0
155,155,2,3,82,9,2596,90,87,169,16,140,1,synthetic,0
156,156,2,4,88,2,2322,167,18,106,23,84,1,synthetic,1
157,157,1,0,85,22,13502,548,242,674,36,702,1,synthetic,0
158,158,1,3,83,9,2473,177,91,301,35,267,2,synthetic,0
159,159,3,4,87,9,4102,68,199,262,22,248,1,synthetic,0
160,160,1,0,86,3,2389,42,177,114,38,120,2,synthetic,1
161,161,2,1,85,11,3855,293,107,378,29,342,1,synthetic,0
162,162,3,0,87,4,3163,116,61,177,34,167,2,synthetic,1
163,163,1,3,85,5,2681,41,137,161,23,149,2,synthetic,1
164,164,4,4,86,5,663,42,53,102,13,93,3,synthetic,0
165,165,1,1,85,4,786,36,32,85,6,73,2,synthetic,1
166,166,3,3,84,6,4064,83,107,302,27,313,1,synthetic,0
167,167,1,2,87,24,5396,641,182,667,36,717,1,synthetic,0
168,168,3,1,85,6,2473,94,92,217,18,179,2,synthetic,0
169,169,3,4,86,19,11569,320,181,445,41,477,3,synthetic,0
170,170,3,1,86,5,4235,125,130,252,33,271,1,synthetic,0
171,171,1,3,86,7,2398,99,81,178,31,160,1,synthetic,1
172,172,2,1,85,22,8700,430,61,387,41,429,1,synthetic,1
173,173,4,3,87,24,23608,302,268,707,52,715,2,synthetic,1
174,174,1,2,83,4,820,46,37,81,18,87,1,synthetic,1
175,175,1,4,85,8,2904,196,43,242,26,202,1,synthetic,1
176,176,3,7,85,9,2227,82,58,146,29,141,2,synthetic,0
177,177,1,1,85,13,3203,209,98,254,36,301,1,synthetic,0
178,178,1,1,88,10,4188,211,294,513,24,482,1,synthetic,0
179,179,1,2,86,24,5631,253,129,515,52,579,1,synthetic,0
180,180,1,4,86,14,14476,342,151,575,43,609,1,synthetic,1
181,181,3,4,88,23,14754,411,205,656,48,662,1,synthetic,1
182,182,3,2,84,10,8752,197,140,297,42,341,1,synthetic,1
183,183,4,4,86,14,5792,452,125,507,42,611,1,synthetic,0
184,184,1,3,85,17,2973,179,69,327,12,233,2,synthetic,0
185,185,3,4,82,12,2677,420,40,235,34,221,2,synthetic,1
186,186,1,3,86,12,2570,68,146,253,18,218,1,synthetic,0
187,187,1,0,87,5,2276,120,51,182,14,156,1,synthetic,1
188,188,2,4,87,14,5462,238,161,481,39,502,2,synthetic,1
189,189,4,3,87,23,5227,550,115,527,34,504,1,synthetic,1
190,190,4,2,84,8,801,71,19,74,27,67,1,synthetic,0
191,191,3,1,86,9,3782,72,241,289,25,306,1,synthetic,0
192,192,3,0,86,8,2420,59,60,170,31,151,2,synthetic,0
193,193,3,4,84,21,5998,133,244,423,35,467,1,synthetic,0
194,194,4,3,86,22,8598,739,107,703,38,685,2,synthetic,1
195,195,1,1,87,12,5943,134,127,345,39,391,2,synthetic,1
196,196,2,3,84,14,2633,129,42,187,28,146,3,synthetic,0
197,197,4,2,85,5,2619,177,171,319,42,360,1,synthetic,0
198,198,2,4,85,13,2152,324,143,455,29,430,2,synthetic,1
199,199,3,2,85,6,2747,227,91,289,36,272,1,synthetic,0
200,200,4,1,86,8,2066,46,148,150,29,138,1,synthetic,0
201,201,3,3,86,5,3871,88,41,113,42,125,1,synthetic,1
202,202,2,2,85,8,12443,219,168,501,39,489,1,synthetic,1
203,203,2,3,85,9,5210,159,169,347,33,305,2,synthetic,1
204,204,4,4,86,21,899,465,50,435,14,373,1,synthetic,1
205,205,1,1,87,24,7454,304,230,605,35,576,1,synthetic,0
206,206,4,4,87,14,10970,308,330,717,36,702,1,synthetic,1
207,207,1,2,88,5,2240,136,77,249,38,238,2,synthetic,1
208,208,2,4,85,20,2888,267,148,417,35,433,1,synthetic,0
209,209,2,3,87,10,2177,51,191,197,13,125,2,synthetic,1
210,210,1,0,86,19,14096,179,387,758,36,661,2,synthetic,0
211,211,4,2,87,5,3942,449,172,522,48,691,2,synthetic,0
212,212,4,4,86,12,3877,95,100,171,27,141,1,synthetic,0
213,213,1,2,85,19,12758,99,122,266,18,252,2,synthetic,1
214,214,3,1,85,11,2058,80,88,161,29,127,1,synthetic,1
215,215,3,4,86,23,8648,168,207,444,34,443,2,synthetic,1
216,216,1,1,88,4,4965,54,60,106,35,101,2,synthetic,1
217,217,4,3,87,12,2920,472,43,342,37,351,1,synthetic,0
218,218,2,2,87,10,3545,245,262,493,18,434,2,synthetic,0
219,219,4,3,83,34,22522,235,377,795,39,837,1,synthetic,0
220,220,1,1,86,6,832,95,41,126,6,102,1,synthetic,0
221,221,4,0,85,13,11631,96,371,438,31,443,1,synthetic,1
222,222,3,3,85,14,2823,170,44,201,18,157,3,synthetic,0
223,223,4,4,87,17,2821,121,244,377,44,423,2,synthetic,0
224,224,2,2,85,12,3746,229,162,341,18,318,2,synthetic,1
225,225,3,1,86,3,2022,299,43,271,35,297,3,synthetic,1
226,226,4,3,85,12,5989,117,235,347,26,306,1,synthetic,1
227,227,1,2,87,9,6520,222,111,376,38,429,3,synthetic,1
228,228,2,1,88,5,2110,66,56,128,30,109,1,synthetic,0
229,229,3,3,86,4,704,55,30,85,34,86,2,synthetic,0
230,230,2,4,87,12,3056,92,91,200,25,191,2,synthetic,0
231,231,2,3,86,20,14156,104,51,214,18,170,1,synthetic,1
232,232,1,-1,86,9,6549,130,34,131,33,115,1,synthetic,0
233,233,2,3,86,14,5380,99,272,349,28,314,1,synthetic,0
234,234,1,1,85,8,9609,82,56,192,31,154,3,synthetic,0
235,235,4,3,86,31,15165,226,387,735,43,721,1,synthetic,0
236,236,4,5,86,12,2703,171,68,327,26,321,1,synthetic,0
237,237,2,1,87,5,4747,76,51,156,38,178,2,synthetic,1
238,238,4,2,85,5,4724,96,94,266,35,258,1,synthetic,1
239,239,4,3,83,19,8215,236,323,683,42,692,1,synthetic,1
240,240,2,1,86,5,609,222,20,142,18,110,2,synthetic,0
241,241,4,4,84,8,2822,139,77,292,32,309,1,synthetic,0
242,242,4,4,86,13,1960,166,56,229,29,197,2,synthetic,0
243,243,2,3,85,27,9122,832,209,802,40,821,1,synthetic,0
244,244,4,4,85,12,2105,104,51,168,30,159,1,synthetic,0
245,245,3,1,87,13,10766,146,145,282,29,317,1,synthetic,1
246,246,2,3,85,6,2056,147,49,262,19,212,1,synthetic,1
247,247,4,1,86,4,618,120,33,166,19,148,3,synthetic,0
248,248,4,7,87,37,21780,676,383,1127,34,1080,3,synthetic,0
249,249,2,3,87,8,3951,210,98,426,24,335,1,synthetic,0
250,250,1,-1,86,8,3243,309,93,311,48,352,1,synthetic,1
251,251,3,3,86,6,2322,188,174,476,23,348,1,synthetic,0
252,252,2,0,86,11,4004,124,45,179,26,133,1,synthetic,1
253,253,-1,1,84,17,14875,250,135,440,22,354,1,synthetic,1
254,254,4,4,86,12,3690,86,76,191,28,169,2,synthetic,0
255,255,1,4,84,9,2925,83,33,117,25,110,1,synthetic,0
256,256,2,4,87,4,1092,124,32,132,11,100,1,synthetic,0
257,257,2,0,84,16,3993,108,128,316,18,281,1,synthetic,1
258,258,3,4,87,12,3541,88,114,202,5,135,1,synthetic,0
259,259,4,0,86,5,3807,317,76,308,38,353,2,synthetic,1
260,260,1,1,85,6,1571,108,112,285,21,245,1,synthetic,0
261,261,0,3,86,8,2639,784,68,500,25,450,1,synthetic,0
262,262,2,1,85,15,3555,475,175,525,43,624,1,synthetic,0
263,263,4,4,86,6,2147,179,49,223,16,188,3,synthetic,1
264,264,4,3,84,12,12823,172,235,373,43,394,1,synthetic,1
265,265,4,4,85,39,19081,473,318,817,39,684,2,synthetic,1
266,266,2,4,88,6,4295,289,88,287,26,287,1,synthetic,1
267,267,2,1,87,6,4576,192,91,275,31,239,3,synthetic,1
268,268,4,3,86,23,20369,473,198,714,44,652,2,synthetic,1
269,269,3,1,84,16,5018,212,129,399,36,399,1,synthetic,0
270,270,4,1,87,12,15232,117,127,282,38,313,2,synthetic,1
271,271,3,4,86,22,9362,190,255,635,31,589,2,synthetic,0
272,272,4,3,86,3,2560,59,73,155,28,124,1,synthetic,1
273,273,1,3,87,8,4548,238,61,292,24,302,1,synthetic,0
274,274,3,4,86,11,2729,126,94,286,7,191,2,synthetic,0
275,275,1,3,88,23,6619,221,167,490,18,403,2,synthetic,1
276,276,4,4,86,13,8576,40,316,207,12,156,2,synthetic,1
277,277,4,4,84,21,17069,503,387,1083,40,1042,2,synthetic,1
278,278,2,1,86,34,9320,298,224,604,47,682,2,synthetic,0
279,279,2,1,87,4,1425,79,42,119,13,96,2,synthetic,1
280,280,0,3,86,9,1223,90,38,139,25,113,2,synthetic,1
281,281,2,3,87,14,5748,125,128,255,39,256,1,synthetic,0
282,282,4,4,85,8,1165,35,41,79,26,70,3,synthetic,0
283,283,4,3,86,12,13669,301,127,409,26,366,1,synthetic,1
284,284,2,1,88,7,3782,108,59,181,34,182,1,synthetic,0
285,285,4,4,86,12,6962,185,233,447,33,485,2,synthetic,0
286,286,1,2,85,8,2936,124,34,127,22,102,1,synthetic,0
287,287,1,4,87,6,3826,190,51,299,15,251,1,synthetic,1
288,288,4,3,86,25,6905,258,180,433,39,527,1,synthetic,0
289,289,0,3,87,4,2484,180,38,167,13,116,2,synthetic,0
290,290,2,4,85,21,14943,195,211,364,27,356,3,synthetic,1
291,291,4,2,84,8,3451,133,55,222,31,204,1,synthetic,1
292,292,3,3,83,8,3107,120,78,198,43,222,1,synthetic,0
293,293,2,4,87,9,5865,185,110,318,17,306,1,synthetic,0
294,294,1,2,85,23,22313,477,324,699,36,660,1,synthetic,1
295,295,1,2,86,6,642,128,33,131,35,109,1,synthetic,1
296,296,-1,0,86,13,15539,126,239,351,27,366,1,synthetic,1
297,297,0,2,86,12,7888,212,140,340,35,361,1,synthetic,0
298,298,3,3,86,13,4223,314,108,324,41,319,1,synthetic,1
299,299,1,1,86,18,1914,854,109,692,30,697,1,synthetic,0
300,300,3,4,85,14,4894,166,119,308,40,334,2,synthetic,1
301,301,-1,1,88,8,2957,117,133,287,12,260,3,synthetic,0
302,302,1,0,86,6,4046,229,104,349,40,322,3,synthetic,0
303,303,3,4,87,17,11923,323,222,637,38,625,2,synthetic,0
304,304,2,1,85,6,2619,69,61,108,27,94,1,synthetic,0
305,305,1,3,85,15,2299,94,53,161,24,121,2,synthetic,0
306,306,2,-1,85,12,2486,132,87,280,13,194,1,synthetic,0
307,307,2,4,85,24,8451,175,281,454,36,465,2,synthetic,1
308,308,4,7,88,17,3613,183,49,210,19,164,2,synthetic,1
309,309,2,1,87,15,6092,199,112,347,40,334,2,synthetic,1
310,310,1,1,87,4,846,57,75,146,19,113,3,synthetic,1
311,311,2,3,85,9,3975,98,34,120,39,129,2,synthetic,1
312,312,4,4,86,13,4268,114,123,289,36,316,2,synthetic,0
313,313,1,2,84,12,2253,41,70,99,12,88,1,synthetic,0
314,314,1,4,86,12,4076,248,58,338,27,320,3,synthetic,1
315,315,1,-1,87,12,6134,120,82,233,18,203,1,synthetic,1
316,316,1,3,86,8,3799,99,94,230,15,179,3,synthetic,0
317,317,1,2,86,5,546,58,115,193,13,153,1,synthetic,0
318,318,2,4,85,5,3927,187,119,342,33,345,1,synthetic,1
319,319,3,3,85,7,3300,296,41,219,35,191,2,synthetic,1
320,320,2,3,86,9,9119,67,110,176,14,138,1,synthetic,1
321,321,4,4,88,13,2395,93,89,168,35,197,2,synthetic,0
322,322,1,2,85,12,8493,495,70,388,27,325,1,synthetic,0
323,323,3,4,83,12,3003,151,56,279,12,223,3,synthetic,1
324,324,4,4,87,12,3477,123,235,276,38,291,2,synthetic,1
325,325,2,1,84,13,2046,176,206,307,25,299,2,synthetic,1
326,326,3,3,85,8,3895,349,80,390,24,318,1,synthetic,0
327,327,3,4,85,15,3870,164,56,252,37,243,1,synthetic,0
328,328,1,3,87,8,2938,463,56,289,26,310,2,synthetic,1
329,329,2,1,86,18,14630,183,84,327,29,318,1,synthetic,1
330,330,0,3,86,4,2547,112,39,150,30,108,1,synthetic,1
331,331,3,5,87,5,4918,122,60,177,28,156,2,synthetic,1
332,332,2,4,86,5,1945,46,93,145,15,96,1,synthetic,1
333,333,2,4,83,13,9131,104,268,433,14,352,1,synthetic,0
334,334,1,2,86,12,3192,95,95,180,13,134,1,synthetic,1
335,335,1,3,85,11,1317,71,123,205,12,153,1,synthetic,0
336,336,4,3,86,8,7905,438,174,587,30,602,2,synthetic,1
337,337,3,4,85,25,12307,108,324,387,30,345,1,synthetic,1
338,338,4,7,87,23,4995,273,278,627,42,659,3,synthetic,0
339,339,3,4,86,14,7972,136,123,244,34,295,1,synthetic,0
340,340,3,4,86,12,5621,85,121,268,35,225,1,synthetic,1
341,341,2,0,88,7,5440,204,116,319,35,313,2,synthetic,1
342,342,4,4,86,13,3468,44,253,236,14,159,1,synthetic,0
343,343,1,4,86,14,6894,89,308,388,25,322,2,synthetic,0
344,344,0,2,86,5,603,33,80,99,24,87,2,synthetic,0
345,345,0,0,87,14,4806,134,114,303,34,291,1,synthetic,0
346,346,2,0,86,5,3686,68,50,142,28,125,2,synthetic,1
347,347,1,1,85,5,3700,223,34,150,19,117,1,synthetic,1
348,348,2,0,85,5,1186,97,50,135,27,107,1,synthetic,1
349,349,2,4,86,24,3100,322,171,406,35,489,1,synthetic,1
350,350,1,1,85,13,6269,290,133,427,19,389,3,synthetic,1
351,351,4,3,84,12,1631,130,93,273,34,268,1,synthetic,1
352,352,3,1,86,10,3499,152,78,250,38,223,2,synthetic,0
353,353,0,4,88,21,2419,269,72,296,22,330,1,synthetic,0
354,354,1,1,85,5,1165,83,39,126,35,113,1,synthetic,0
355,355,3,4,86,14,4588,256,145,392,37,430,1,synthetic,1
356,356,1,2,87,13,3839,299,305,604,18,554,2,synthetic,0
357,357,4,3,87,24,3626,269,83,426,46,474,2,synthetic,0
358,358,1,4,86,8,2745,128,33,141,16,107,1,synthetic,0
359,359,4,1,86,17,5409,138,235,393,37,453,2,synthetic,0
360,360,2,1,84,5,1121,478,77,325,19,311,1,synthetic,1
361,361,3,4,87,10,3422,177,102,218,26,176,3,synthetic,0
362,362,2,7,87,14,3693,280,145,543,28,521,2,synthetic,0
363,363,1,3,85,5,3133,67,54,135,31,126,2,synthetic,0
364,364,1,1,83,5,834,70,40,165,19,124,2,synthetic,0
365,365,1,4,84,36,3455,71,345,397,10,300,1,synthetic,0
366,366,-1,1,85,9,5699,99,113,200,25,151,2,synthetic,1
367,367,1,1,85,13,8790,179,135,301,34,301,1,synthetic,1
368,368,4,3,84,27,17901,315,387,882,49,967,1,synthetic,0
369,369,4,4,85,9,1348,89,48,141,32,132,2,synthetic,0
370,370,2,3,85,16,1185,97,89,244,15,153,1,synthetic,0
371,371,3,2,85,5,1656,83,42,98,33,97,1,synthetic,1
372,372,3,1,85,9,3717,181,130,295,34,299,1,synthetic,0
373,373,4,4,86,19,6792,442,179,581,49,658,1,synthetic,1
374,374,1,1,84,13,5161,184,119,449,37,432,1,synthetic,1
375,375,4,1,84,13,15074,187,122,313,34,320,2,synthetic,1
376,376,1,0,85,9,5874,97,261,331,40,343,1,synthetic,0
377,377,4,1,86,16,7307,255,78,295,37,327,2,synthetic,1
378,378,3,1,86,14,2696,198,122,307,35,324,1,synthetic,0
379,379,1,1,87,3,1629,35,54,93,26,76,1,synthetic,0
380,380,2,4,86,13,4717,223,46,302,35,278,1,synthetic,1
381,381,2,3,88,9,3913,305,153,378,35,431,1,synthetic,1
382,382,3,4,86,36,17283,440,376,905,36,759,2,synthetic,0
383,383,4,3,87,27,13555,109,310,287,41,333,2,synthetic,1
384,384,1,3,86,28,5976,130,348,654,26,654,1,synthetic,0
385,385,4,3,82,8,7931,430,163,467,52,623,1,synthetic,1
386,386,2,3,88,24,14326,320,223,666,37,579,2,synthetic,1
387,387,2,3,86,5,2404,93,170,320,22,301,1,synthetic,1
388,388,2,2,86,12,2629,70,125,216,15,194,1,synthetic,1
389,389,1,3,85,13,4458,231,85,301,28,312,2,synthetic,0
390,390,2,0,85,6,2533,95,60,174,34,156,1,synthetic,1
391,391,1,0,86,4,1492,70,39,101,18,82,3,synthetic,1
392,392,3,2,86,8,2086,99,45,176,8,113,2,synthetic,0
393,393,3,3,85,39,15566,210,274,442,33,424,1,synthetic,1
394,394,4,3,86,10,2744,309,64,434,40,475,1,synthetic,0
395,395,3,4,85,4,1162,125,52,137,26,126,2,synthetic,0
396,396,4,4,85,17,5156,69,106,241,24,200,1,synthetic,1
397,397,2,4,87,26,22999,311,336,622,45,697,3,synthetic,1
398,398,3,1,87,6,1807,71,49,117,32,102,2,synthetic,1
399,399,3,4,85,7,2157,94,134,264,15,248,1,synthetic,1
400,400,1,3,84,13,3364,99,56,185,32,181,1,synthetic,0
401,401,3,0,87,6,3199,66,47,112,34,103,1,synthetic,0
402,402,-1,-1,84,4,2972,17,50,79,34,74,1,synthetic,1
403,403,3,3,86,3,2420,94,81,326,6,262,2,synthetic,1
404,404,2,3,86,8,2819,97,106,176,31,155,2,synthetic,0
405,405,1,1,85,17,4023,238,65,325,32,345,2,synthetic,0
406,406,2,4,85,13,9292,130,234,371,30,321,1,synthetic,1
407,407,3,3,88,12,12600,328,234,618,36,662,2,synthetic,0
408,408,4,4,86,9,2537,43,94,166,15,128,1,synthetic,0
409,409,2,3,85,5,2262,12,79,75,28,69,2,synthetic,1
410,410,3,4,86,6,6887,241,103,438,25,323,1,synthetic,1
411,411,1,1,85,5,4170,106,98,199,14,159,2,synthetic,1
412,412,0,1,85,4,4653,219,76,320,22,317,3,synthetic,1
413,413,2,3,83,20,11782,288,75,311,34,304,2,synthetic,0
414,414,1,4,87,24,9361,294,176,442,28,382,3,synthetic,0
415,415,1,2,87,8,743,58,43,148,16,105,3,synthetic,0
416,416,3,1,86,16,4790,182,250,364,21,315,2,synthetic,0
417,417,4,1,84,2,639,67,57,135,22,115,3,synthetic,1
418,418,0,1,87,9,3822,118,100,172,19,142,2,synthetic,0
419,419,1,2,85,12,3158,157,52,217,29,199,2,synthetic,1
420,420,1,3,84,13,1284,267,45,284,31,253,1,synthetic,0
421,421,1,1,85,5,6678,84,94,191,18,142,1,synthetic,1
422,422,3,3,85,10,2611,54,119,229,25,192,2,synthetic,0
423,423,4,1,85,25,11700,634,114,707,46,711,1,synthetic,1
424,424,3,3,85,18,7353,68,103,181,31,163,2,synthetic,0
425,425,4,1,84,12,1643,173,59,241,23,242,1,synthetic,1
426,426,4,4,85,13,5892,108,219,429,39,404,1,synthetic,1
427,427,3,1,85,13,6993,60,91,147,27,117,2,synthetic,0
428,428,3,3,85,9,2328,228,185,398,24,338,3,synthetic,0
429,429,2,2,86,14,1597,291,58,314,22,279,1,synthetic,0
430,430,0,4,85,9,3716,298,53,292,23,257,2,synthetic,0
431,431,-1,1,85,5,2918,160,43,175,23,131,2,synthetic,1
432,432,4,3,85,2,661,29,20,73,21,63,1,synthetic,1
433,433,3,2,87,13,3575,104,50,140,25,117,1,synthetic,1
434,434,2,2,85,5,3288,58,142,167,19,114,1,synthetic,0
435,435,1,4,87,13,7393,279,74,308,23,318,1,synthetic,1
436,436,1,3,83,14,14287,208,288,656,28,590,1,synthetic,1
437,437,0,3,85,3,767,91,40,142,18,114,1,synthetic,1
438,438,1,1,86,5,3795,197,93,325,20,302,1,synthetic,1
439,439,4,4,85,35,3715,155,112,309,15,297,2,synthetic,0
440,440,4,4,86,14,2847,85,239,319,24,304,2,synthetic,0
441,441,0,0,85,21,3660,226,157,343,26,328,2,synthetic,1
442,442,2,7,86,5,3309,95,132,283,15,222,1,synthetic,0
443,443,0,2,88,10,4407,294,118,463,20,337,2,synthetic,0
444,444,4,4,86,12,3572,82,224,309,37,330,2,synthetic,0
445,445,1,3,85,13,4325,102,197,321,15,311,1,synthetic,0
446,446,4,4,86,12,6442,101,136,216,41,198,3,synthetic,1
447,447,4,3,84,11,2827,102,199,248,40,262,2,synthetic,1
448,448,1,0,87,20,3737,102,233,330,14,309,2,synthetic,1
449,449,1,4,86,17,8014,283,317,660,19,554,2,synthetic,1
450,450,4,3,86,10,5115,134,74,266,47,326,1,synthetic,1
451,451,1,0,85,9,7897,240,113,323,25,329,1,synthetic,1
452,452,4,1,85,24,14652,552,89,421,39,473,1,synthetic,0
453,453,4,4,86,12,2380,236,50,309,28,317,1,synthetic,0
454,454,4,3,88,9,2453,147,87,247,28,199,1,synthetic,0
455,455,-1,1,86,4,681,32,21,73,6,62,3,synthetic,0
456,456,1,3,85,12,4196,155,55,274,42,260,1,synthetic,0
457,457,1,1,88,5,2896,73,238,304,26,299,3,synthetic,0
458,458,4,3,85,6,3171,183,92,212,28,201,2,synthetic,1
459,459,2,4,85,5,2658,257,219,471,32,446,1,synthetic,1
460,460,2,3,86,13,772,171,55,223,37,205,1,synthetic,0
461,461,1,4,87,6,1614,99,105,231,6,158,1,synthetic,0
462,462,1,2,86,12,4505,64,221,269,38,282,3,synthetic,1
463,463,4,4,86,25,11709,229,386,862,38,715,2,synthetic,1
464,464,0,2,86,9,2506,138,167,390,13,314,1,synthetic,1
465,465,1,1,87,6,2263,56,74,126,5,108,3,synthetic,0
466,466,4,3,85,12,2277,296,196,539,40,616,2,synthetic,1
467,467,0,1,86,9,2468,126,67,194,25,157,1,synthetic,1
468,468,1,0,86,14,1539,261,117,395,6,284,2,synthetic,1
469,469,2,1,86,6,8032,228,65,220,34,211,2,synthetic,1
470,470,3,2,86,13,15478,384,179,518,38,624,1,synthetic,1
471,471,1,2,85,9,2403,54,112,166,25,136,2,synthetic,0
472,472,4,2,85,27,3430,233,144,405,34,441,1,synthetic,0
473,473,-1,1,86,1,557,126,15,96,14,80,1,synthetic,0
474,474,0,0,85,16,17435,292,109,496,50,583,1,synthetic,1
475,475,1,2,82,8,3742,312,113,390,38,433,3,synthetic,1
476,476,4,4,85,6,2390,79,42,120,42,109,2,synthetic,0
477,477,2,4,85,12,3749,70,123,189,6,139,1,synthetic,0
478,478,4,4,86,11,8422,232,244,507,48,570,1,synthetic,1
479,479,2,1,85,13,2921,86,51,134,41,150,1,synthetic,0
480,480,4,2,82,13,2463,80,55,175,23,168,2,synthetic,0
481,481,3,7,87,5,3935,227,49,282,34,285,1,synthetic,1
482,482,1,1,85,28,9455,428,107,436,40,442,2,synthetic,1
483,483,1,3,85,10,3182,171,128,369,19,315,3,synthetic,0
484,484,4,4,86,5,2711,34,101,157,13,106,2,synthetic,0
485,485,4,1,86,6,4002,90,87,204,35,206,1,synthetic,1
486,486,2,3,87,9,4222,118,98,195,28,165,1,synthetic,1
487,487,1,2,87,9,5760,127,136,290,31,324,1,synthetic,1
488,488,2,3,86,11,832,115,177,299,14,251,2,synthetic,0
489,489,3,4,87,5,3165,174,76,255,36,278,2,synthetic,0
490,490,1,3,85,9,3285,147,80,280,23,232,1,synthetic,1
491,491,1,3,86,19,9754,141,381,684,39,634,1,synthetic,1
492,492,3,4,86,23,14933,476,184,566,38,675,3,synthetic,1
493,493,2,4,84,23,3923,129,121,321,18,303,1,synthetic,0
494,494,3,3,87,5,710,83,12,101,17,99,1,synthetic,0
495,495,4,4,86,12,9295,480,62,282,36,312,2,synthetic,1
496,496,3,4,86,5,584,114,31,96,19,89,1,synthetic,1
497,497,2,2,85,9,2901,59,56,140,27,113,2,synthetic,0
498,498,1,1,87,3,1237,167,18,92,26,107,2,synthetic,1
499,499,1,1,86,3,1416,242,47,220,32,206,2,synthetic,1
500,500,1,3,86,13,3784,84,225,325,17,295,1,synthetic,1
501,501,1,1,87,5,658,98,15,89,6,68,1,synthetic,0
502,502,2,2,86,5,800,111,38,148,13,111,1,synthetic,0
503,503,4,4,86,10,3902,119,124,261,29,252,1,synthetic,1
504,504,1,0,86,4,596,35,42,77,19,63,3,synthetic,0
505,505,0,2,87,13,2267,193,52,250,6,148,2,synthetic,0
506,506,1,2,84,8,1433,81,73,176,23,130,1,synthetic,1
507,507,4,1,85,12,11159,265,151,405,51,421,3,synthetic,1
508,508,1,1,87,17,8786,125,130,250,23,272,2,synthetic,1
509,509,0,4,86,14,9656,180,144,280,25,265,1,synthetic,1
510,510,4,2,85,9,3413,58,140,178,28,138,1,synthetic,0
511,511,1,2,86,8,2534,77,97,242,23,210,1,synthetic,0
512,512,0,2,85,4,640,51,78,146,14,93,3,synthetic,0
513,513,2,3,86,12,1093,67,59,146,5,99,1,synthetic,0
514,514,2,4,85,17,7817,121,56,182,38,215,3,synthetic,0
515,515,4,4,85,13,3446,141,275,375,40,361,1,synthetic,1
516,516,4,1,85,14,3737,64,143,250,20,204,2,synthetic,1
517,517,2,3,86,13,9138,197,353,578,31,547,1,synthetic,1
518,518,2,2,85,15,7529,102,193,303,40,356,3,synthetic,0
519,519,4,3,83,14,11073,95,166,250,34,287,3,synthetic,1
520,520,1,-1,86,6,4970,177,112,301,25,277,1,synthetic,1
521,521,1,4,85,13,3032,124,111,256,29,213,2,synthetic,1
522,522,1,4,86,12,5125,117,155,318,6,275,2,synthetic,0
523,523,4,3,84,6,3337,111,106,242,35,276,3,synthetic,1
524,524,3,1,87,21,19272,886,114,822,35,833,1,synthetic,1
525,525,1,4,87,6,672,71,22,92,5,68,1,synthetic,0
526,526,0,1,88,18,8571,145,135,307,30,292,2,synthetic,0
527,527,3,-1,86,6,2418,145,63,169,24,149,2,synthetic,1
528,528,2,1,86,7,4094,102,102,324,15,218,1,synthetic,0
529,529,4,2,87,10,2359,100,186,316,34,313,2,synthetic,1
530,530,1,-1,86,4,4137,157,55,231,29,198,1,synthetic,1
531,531,4,1,86,12,8979,133,224,518,35,513,2,synthetic,0
532,532,1,3,86,12,4476,87,129,293,26,317,1,synthetic,0
533,533,2,4,83,11,2414,165,51,187,23,168,1,synthetic,1
534,534,1,4,85,13,2654,65,97,172,19,124,1,synthetic,0
535,535,0,1,86,6,3757,85,214,245,34,211,1,synthetic,0
536,536,4,4,84,22,5555,104,313,392,32,420,1,synthetic,0
537,537,1,3,86,7,2482,116,38,119,34,113,1,synthetic,1
538,538,2,3,86,9,6710,146,141,358,25,349,1,synthetic,1
539,539,0,4,86,7,2346,43,59,103,6,88,1,synthetic,1
540,540,4,4,85,13,2503,76,257,306,37,297,2,synthetic,1
541,541,2,4,86,23,5661,175,158,396,35,391,1,synthetic,0
542,542,3,4,86,14,5562,73,44,136,23,111,1,synthetic,1
543,543,3,3,88,17,6615,137,294,410,34,383,2,synthetic,0
544,544,1,2,85,9,4139,133,43,160,34,147,3,synthetic,1
545,545,2,4,86,6,727,79,44,113,14,100,2,synthetic,0
546,546,2,3,87,27,7190,317,123,399,27,366,1,synthetic,0
547,547,3,7,85,8,2413,119,113,256,33,207,2,synthetic,0
548,548,-1,0,88,12,2010,21,130,121,6,86,3,synthetic,1
549,549,1,2,86,6,3422,18,62,81,16,64,1,synthetic,0
550,550,4,0,83,9,6118,468,74,419,26,338,3,synthetic,1
551,551,4,3,85,23,3321,225,277,564,33,584,1,synthetic,0
552,552,0,4,87,6,3373,59,49,136,14,102,1,synthetic,1
553,553,2,0,87,14,3855,245,99,294,35,310,1,synthetic,0
554,554,3,3,86,18,7663,210,91,334,40,331,2,synthetic,1
555,555,4,4,87,7,5320,113,183,282,35,309,1,synthetic,1
556,556,3,0,86,5,4053,93,58,145,26,111,1,synthetic,1
557,557,2,1,84,5,2481,124,187,279,36,287,1,synthetic,0
558,558,1,3,85,7,3344,280,99,413,26,345,1,synthetic,0
559,559,2,4,86,4,701,75,36,100,14,80,1,synthetic,0
560,560,1,3,86,4,611,44,55,108,6,84,1,synthetic,0
561,561,0,2,86,11,2700,273,43,289,25,267,1,synthetic,1
562,562,2,3,86,20,3764,117,209,323,34,318,3,synthetic,0
563,563,1,4,88,5,3148,128,99,228,14,181,1,synthetic,1
564,564,0,1,87,12,4772,563,141,597,34,579,1,synthetic,0
565,565,0,0,87,5,601,74,37,94,18,83,1,synthetic,0
566,566,3,2,85,13,7828,231,93,332,42,357,1,synthetic,1
567,567,4,3,86,12,3159,157,42,163,25,142,1,synthetic,0
568,568,4,4,86,3,4101,121,56,177,35,151,1,synthetic,1
569,569,2,2,86,8,2178,45,87,152,26,134,2,synthetic,0
570,570,3,2,87,16,2490,81,53,177,34,181,1,synthetic,0
571,571,4,2,86,13,4545,244,116,315,38,344,1,synthetic,0
572,572,1,2,86,5,576,72,42,112,5,92,1,synthetic,0
573,573,-1,3,87,4,3690,231,43,173,26,145,2,synthetic,1
574,574,2,2,84,4,582,61,32,81,23,72,2,synthetic,0
575,575,2,2,86,12,2444,151,94,283,6,220,1,synthetic,1
576,576,1,2,83,12,10192,169,127,342,33,354,1,synthetic,1
577,577,3,1,87,4,622,101,75,242,30,241,3,synthetic,0
578,578,1,1,86,13,6520,198,155,408,41,457,1,synthetic,0
579,579,3,4,87,15,3700,254,48,301,18,288,1,synthetic,0
580,580,1,3,86,9,958,130,43,188,18,151,1,synthetic,0
581,581,1,1,84,6,3989,328,49,339,14,300,2,synthetic,1
582,582,1,0,86,3,2301,77,61,158,27,132,3,synthetic,0
583,583,2,1,85,16,3994,108,105,212,25,195,3,synthetic,0
584,584,3,1,86,8,5673,184,319,640,42,610,2,synthetic,1
585,585,4,3,87,8,3191,224,110,316,38,300,1,synthetic,0
586,586,3,2,86,9,5155,84,330,314,24,257,1,synthetic,0
587,587,3,3,86,11,4492,136,218,427,39,437,1,synthetic,1
588,588,2,2,86,5,2839,81,104,172,40,157,3,synthetic,0
589,589,3,4,86,8,4187,70,266,273,23,246,2,synthetic,0
590,590,4,2,85,6,2518,59,225,213,36,214,1,synthetic,1
591,591,1,2,88,13,3789,306,163,632,24,504,1,synthetic,1
592,592,1,3,85,12,841,112,66,183,28,173,1,synthetic,0
593,593,4,3,87,18,16181,501,123,623,37,671,3,synthetic,0
594,594,4,2,85,11,930,207,44,222,27,213,1,synthetic,0
595,595,-1,1,87,6,2050,333,36,248,25,251,1,synthetic,1
596,596,1,1,87,15,7891,90,134,244,36,237,1,synthetic,0
597,597,-1,1,85,4,546,9,48,74,5,64,1,synthetic,1
598,598,3,4,86,5,2337,40,79,111,26,111,3,synthetic,0
599,599,3,4,86,37,9281,168,253,442,43,422,3,synthetic,1
600,600,1,1,86,13,4020,120,253,329,28,332,3,synthetic,1
601,601,0,2,86,5,2984,66,114,210,27,198,2,synthetic,1
602,602,2,1,87,22,4383,119,194,287,18,239,1,synthetic,0
603,603,1,2,86,12,7156,242,107,330,34,372,2,synthetic,1
604,604,2,2,86,5,769,123,54,192,20,197,1,synthetic,0
605,605,1,4,87,10,2600,186,97,319,26,279,2,synthetic,0
606,606,4,6,87,22,7843,314,234,595,34,683,1,synthetic,0
607,607,-1,1,85,5,5287,164,39,188,14,131,2,synthetic,1
608,608,3,4,88,7,2702,50,135,185,27,159,1,synthetic,1
609,609,3,4,85,10,3720,74,72,162,35,152,1,synthetic,0
610,610,2,2,85,6,3329,55,174,191,30,167,2,synthetic,0
611,611,4,4,87,13,2552,162,51,222,34,209,3,synthetic,1
612,612,2,1,87,13,5099,45,229,223,38,192,1,synthetic,0
613,613,-1,1,86,8,817,64,229,245,14,191,1,synthetic,0
614,614,-1,1,87,6,2322,112,73,190,7,135,3,synthetic,1
615,615,0,-1,86,10,6053,174,47,166,30,136,2,synthetic,0
616,616,1,3,86,22,4623,315,44,303,21,297,1,synthetic,0
617,617,2,4,85,6,3322,101,90,200,17,168,2,synthetic,1
618,618,2,3,87,11,5958,328,60,359,24,317,1,synthetic,1
619,619,3,0,85,10,3141,79,182,254,24,231,1,synthetic,0
620,620,4,3,85,22,11145,67,176,229,33,185,3,synthetic,1
621,621,4,4,83,14,12360,738,265,1031,43,967,1,synthetic,1
622,622,1,1,87,6,838,79,30,95,19,87,1,synthetic,0
623,623,1,7,86,25,2927,224,93,287,6,237,1,synthetic,1
624,624,1,4,87,17,13667,162,254,495,26,411,1,synthetic,1
625,625,4,4,85,17,3647,81,107,196,16,187,1,synthetic,1
626,626,0,0,85,12,5907,155,59,187,26,182,1,synthetic,0
627,627,4,3,87,5,2814,70,61,159,36,160,1,synthetic,0
628,628,0,2,85,15,3903,451,186,685,32,674,1,synthetic,0
629,629,4,4,87,9,2773,128,47,175,37,158,1,synthetic,0
630,630,4,4,85,10,4778,144,232,436,19,434,1,synthetic,0
631,631,2,3,87,6,7900,285,72,272,34,305,2,synthetic,1
632,632,3,4,85,17,9513,297,91,342,43,378,2,synthetic,1
633,633,3,3,84,5,2472,114,48,156,19,131,1,synthetic,1
634,634,2,4,86,26,7190,145,54,170,14,140,2,synthetic,1
635,635,2,3,82,3,624,100,44,116,24,110,3,synthetic,0
636,636,2,3,86,12,15426,64,300,307,38,297,3,synthetic,1
637,637,2,4,88,38,23169,283,319,653,19,572,1,synthetic,0
638,638,4,1,83,17,9196,142,161,426,39,419,2,synthetic,1
639,639,2,3,87,9,660,298,46,252,21,232,1,synthetic,0
640,640,2,0,87,33,4874,120,112,344,27,325,1,synthetic,1
641,641,4,4,87,17,9183,801,387,1002,52,1063,1,synthetic,1
642,642,3,1,86,8,2553,167,120,268,33,285,1,synthetic,0
643,643,2,4,87,12,4940,145,60,185,34,203,1,synthetic,0
644,644,2,2,83,8,5647,132,52,204,29,189,2,synthetic,1
645,645,4,4,86,14,2578,116,135,231,29,204,2,synthetic,1
646,646,2,4,88,13,11089,113,193,335,23,310,1,synthetic,1
647,647,4,4,84,17,6732,120,66,187,23,177,1,synthetic,0
648,648,2,2,86,14,2794,95,111,271,28,262,1,synthetic,0
649,649,2,3,86,13,2513,135,43,170,20,181,1,synthetic,0
650,650,2,1,85,8,4219,359,58,275,41,298,3,synthetic,1
651,651,1,2,85,9,5291,98,111,219,30,209,2,synthetic,1
652,652,3,4,85,14,5708,65,163,259,35,235,3,synthetic,0
653,653,1,1,87,12,8403,160,241,406,32,367,2,synthetic,1
654,654,4,4,87,36,7191,319,127,434,35,454,1,synthetic,0
655,655,4,4,85,8,3600,33,125,139,35,132,1,synthetic,0
656,656,1,2,86,6,878,111,33,120,13,102,1,synthetic,0
657,657,4,2,87,4,1851,79,75,141,28,123,1,synthetic,1
658,658,4,0,86,8,3944,72,250,264,33,276,2,synthetic,0
659,659,1,-1,86,6,5380,120,62,212,29,179,1,synthetic,1
660,660,2,4,87,39,18186,726,192,691,37,683,1,synthetic,1
661,661,1,1,85,12,4529,213,120,329,26,311,2,synthetic,1
662,662,4,4,86,13,2517,680,42,333,36,357,2,synthetic,0
663,663,4,5,86,17,2761,127,121,424,9,319,1,synthetic,1
664,664,2,4,86,10,2202,198,109,360,24,304,2,synthetic,0
665,665,0,3,86,12,2154,103,55,141,11,109,1,synthetic,0
666,666,1,1,86,4,5635,227,48,252,36,286,1,synthetic,1
667,667,1,4,85,7,835,149,109,373,6,314,1,synthetic,0
668,668,1,4,86,4,674,45,46,103,20,94,1,synthetic,0
669,669,3,4,86,15,2496,288,61,359,40,388,2,synthetic,0
670,670,0,0,86,15,5279,213,176,433,32,446,1,synthetic,0
671,671,2,4,86,13,3872,298,96,334,23,327,2,synthetic,1
672,672,2,4,87,6,2593,77,71,142,21,113,3,synthetic,0
673,673,3,3,86,5,4053,125,105,257,28,245,1,synthetic,1
674,674,3,0,86,6,2787,132,128,243,27,242,2,synthetic,0
675,675,1,1,85,13,2330,206,35,166,23,148,1,synthetic,0
676,676,2,-1,86,3,1367,101,47,145,37,131,1,synthetic,1
677,677,4,1,87,5,689,66,44,114,23,101,2,synthetic,1
678,678,2,0,86,17,5839,145,332,408,24,348,2,synthetic,1
679,679,2,3,87,14,20821,76,370,367,31,305,1,synthetic,1
680,680,1,4,85,17,4495,447,50,297,7,220,3,synthetic,1
681,681,2,3,88,12,1603,194,79,304,6,236,1,synthetic,0
682,682,1,1,86,13,3977,102,111,168,35,185,3,synthetic,1
683,683,4,3,85,8,2249,174,51,230,26,187,1,synthetic,0
684,684,1,1,86,9,1640,204,51,242,33,250,1,synthetic,0
685,685,2,1,86,4,783,47,48,98,28,90,1,synthetic,0
686,686,2,4,86,13,4001,115,92,201,18,170,1,synthetic,1
687,687,2,1,86,25,11198,115,154,331,42,301,2,synthetic,1
688,688,4,4,86,9,2496,66,103,179,29,164,2,synthetic,0
689,689,1,-1,84,7,4184,170,72,248,40,269,1,synthetic,1
690,690,1,1,87,8,9004,164,128,310,38,358,1,synthetic,1
691,691,3,3,87,11,764,157,55,206,14,178,1,synthetic,0
692,692,1,4,84,8,10567,243,76,286,28,237,1,synthetic,1
693,693,4,4,86,17,5598,80,132,278,20,197,2,synthetic,0
694,694,2,2,88,11,5943,231,127,443,19,389,2,synthetic,1
695,695,3,1,87,4,1109,47,73,115,16,99,3,synthetic,0
696,696,4,4,87,11,3639,289,58,319,36,352,1,synthetic,0
697,697,4,3,87,11,2222,184,189,495,42,531,1,synthetic,0
698,698,2,0,86,25,14084,234,350,525,38,548,1,synthetic,1
699,699,3,3,86,5,2275,175,58,272,19,206,3,synthetic,0
700,700,1,3,86,9,5040,319,143,469,22,421,2,synthetic,1
701,701,1,1,87,9,1641,36,46,93,6,76,1,synthetic,0
702,702,4,4,85,35,14210,494,177,559,15,594,1,synthetic,1
703,703,4,3,86,10,2631,149,170,262,34,264,2,synthetic,0
704,704,2,4,88,8,3169,110,175,320,29,304,2,synthetic,1
705,705,1,4,87,11,5086,463,176,598,27,529,2,synthetic,1
706,706,2,2,88,12,3747,133,45,158,34,155,1,synthetic,0
707,707,2,3,85,17,3464,217,83,307,26,303,3,synthetic,0
708,708,1,3,87,33,3862,185,171,450,18,312,1,synthetic,0
709,709,4,4,86,5,1158,173,106,323,27,317,3,synthetic,0
710,710,2,4,87,6,1401,171,51,269,15,214,2,synthetic,1
711,711,1,2,83,4,929,37,77,107,6,90,2,synthetic,0
712,712,4,4,86,10,19111,86,253,343,49,396,2,synthetic,1
713,713,1,1,88,7,1618,105,43,121,32,108,1,synthetic,0
714,714,0,1,86,9,768,129,36,181,23,137,1,synthetic,0
715,715,1,2,86,12,4028,151,120,271,27,214,1,synthetic,1
716,716,4,4,86,7,8544,156,93,294,37,318,1,synthetic,1
717,717,1,3,86,8,3796,44,100,181,15,138,1,synthetic,0
718,718,1,1,85,2,823,68,38,103,24,96,1,synthetic,0
719,719,2,1,84,8,4304,317,60,301,34,314,2,synthetic,0
720,720,2,1,86,3,2316,66,61,124,17,103,1,synthetic,0
721,721,1,4,86,4,1410,48,79,126,11,98,2,synthetic,1
722,722,2,4,86,6,766,85,40,144,17,113,2,synthetic,0
723,723,0,4,85,9,3834,96,119,204,24,181,1,synthetic,0
724,724,2,4,85,5,1225,114,162,296,25,270,1,synthetic,1
725,725,4,1,86,11,2196,21,109,116,20,109,1,synthetic,0
726,726,4,4,85,18,3964,180,126,303,51,436,2,synthetic,1
727,727,2,-1,88,6,15342,177,280,469,42,550,2,synthetic,1
728,728,-1,2,84,5,2250,56,57,111,18,100,1,synthetic,1
729,729,4,3,87,4,2123,80,71,204,26,168,2,synthetic,1
730,730,1,3,85,11,2864,44,239,182,14,132,1,synthetic,1
731,731,1,-1,86,2,2006,53,216,188,16,150,2,synthetic,1
732,732,3,2,86,13,2785,63,42,93,18,85,1,synthetic,0
733,733,1,4,88,19,4377,71,119,185,15,141,2,synthetic,0
734,734,1,1,86,6,2714,130,43,227,17,148,3,synthetic,1
735,735,3,1,83,11,785,224,72,249,12,225,2,synthetic,0
736,736,1,1,86,2,802,58,50,100,6,85,1,synthetic,0
737,737,4,1,86,16,7887,366,125,346,36,408,1,synthetic,0
738,738,1,1,85,8,614,207,30,170,14,130,2,synthetic,1
739,739,3,3,87,6,4076,42,167,149,34,140,1,synthetic,0
740,740,3,3,85,4,784,99,49,185,29,151,1,synthetic,0
741,741,1,2,85,2,3108,120,122,184,38,224,2,synthetic,1
742,742,0,3,87,9,925,154,90,244,29,181,1,synthetic,0
743,743,0,1,87,8,2318,204,87,306,21,309,1,synthetic,1
744,744,1,4,86,6,8808,177,60,290,33,281,3,synthetic,1
745,745,4,4,84,9,5451,139,183,295,37,276,1,synthetic,1
746,746,4,4,88,15,7613,100,364,491,35,589,1,synthetic,1
747,747,1,1,85,8,4164,112,135,291,20,280,2,synthetic,1
748,748,4,4,83,23,3403,221,57,257,25,201,3,synthetic,0
749,749,1,2,85,14,3988,70,237,263,25,232,1,synthetic,0
750,750,2,4,86,14,2782,493,92,488,36,503,2,synthetic,0
751,751,3,7,84,13,2775,145,177,315,6,218,2,synthetic,0
752,752,0,1,82,10,2547,60,86,164,5,131,1,synthetic,1
753,753,4,4,85,23,22150,262,322,650,40,655,1,synthetic,0
754,754,0,0,87,16,12205,207,268,530,45,592,1,synthetic,1
755,755,4,7,87,19,5401,291,124,632,32,651,2,synthetic,1
756,756,1,4,83,15,3571,244,46,246,28,287,2,synthetic,1
757,757,1,0,84,5,823,175,84,275,33,287,1,synthetic,1
758,758,2,2,85,8,1029,119,51,198,21,162,2,synthetic,0
759,759,1,2,87,13,2485,144,93,239,17,207,2,synthetic,0
760,760,1,3,86,5,3728,483,42,320,25,311,1,synthetic,1
761,761,0,3,86,5,1978,59,100,141,24,118,2,synthetic,0
762,762,2,3,87,6,2923,288,45,304,40,284,1,synthetic,1
763,763,0,2,87,7,7966,188,73,227,39,200,3,synthetic,1
764,764,2,4,86,8,2808,121,124,294,24,292,1,synthetic,1
765,765,1,0,86,9,13947,122,108,228,40,253,2,synthetic,1
766,766,2,1,86,9,1391,117,97,207,8,161,2,synthetic,0
767,767,1,4,86,9,2862,174,49,236,20,183,1,synthetic,0
768,768,3,3,86,9,1485,283,102,411,23,320,2,synthetic,1
769,769,4,4,83,8,3794,228,100,399,44,404,2,synthetic,0
770,770,1,4,84,2,655,20,37,73,9,64,3,synthetic,0
771,771,1,4,86,31,3899,513,95,495,22,477,2,synthetic,1
772,772,4,4,87,9,1386,61,41,106,10,80,1,synthetic,0
773,773,4,4,85,12,3959,508,135,510,22,491,3,synthetic,1
774,774,4,2,85,12,3877,138,36,140,39,132,2,synthetic,0
775,775,2,1,87,12,4121,84,237,334,23,305,2,synthetic,0
776,776,3,4,85,4,3393,69,77,212,29,190,3,synthetic,1
777,777,-1,3,87,4,647,63,91,166,8,124,1,synthetic,0
778,778,1,3,86,10,6139,325,140,439,39,468,1,synthetic,1
779,779,1,1,85,9,5665,146,54,211,31,194,1,synthetic,1
780,780,4,4,86,9,2305,56,121,242,18,198,2,synthetic,0
781,781,4,4,86,15,2580,200,52,232,25,204,2,synthetic,1
782,782,2,0,85,15,13290,74,322,278,41,319,3,synthetic,1
783,783,2,3,87,18,3218,241,181,506,41,572,1,synthetic,0
784,784,4,3,85,22,8074,172,318,474,22,414,2,synthetic,0
785,785,3,4,87,12,9674,90,149,260,26,239,3,synthetic,1
786,786,4,3,86,12,4253,78,104,230,28,195,2,synthetic,0
787,787,2,2,85,18,3464,119,378,437,15,387,1,synthetic,0
788,788,0,1,86,26,3305,69,49,150,25,127,2,synthetic,0
789,789,4,4,86,35,8076,66,158,233,23,202,3,synthetic,0
790,790,4,4,87,13,8282,210,170,433,35,496,3,synthetic,1
791,791,0,1,86,8,4046,280,69,292,37,304,2,synthetic,1
792,792,0,1,86,3,736,46,55,104,6,92,3,synthetic,0
793,793,0,2,88,5,1616,129,75,277,19,226,1,synthetic,0
794,794,1,3,87,13,3833,58,147,223,15,145,1,synthetic,0
795,795,4,4,86,12,2135,71,174,257,18,213,3,synthetic,0
796,796,1,4,85,22,4215,154,40,148,10,111,1,synthetic,0
797,797,2,0,85,8,4234,183,38,164,19,143,1,synthetic,0
798,798,4,1,85,6,2318,24,118,104,32,96,1,synthetic,1
799,799,1,0,85,5,845,140,34,139,19,102,2,synthetic,1
800,800,2,4,83,5,3465,72,72,163,18,127,2,synthetic,1
801,801,2,3,86,2,547,68,42,106,15,90,1,synthetic,0
802,802,4,0,84,5,2526,137,224,379,19,316,3,synthetic,0
803,803,4,4,87,7,4210,180,56,269,40,335,3,synthetic,1
804,804,2,2,87,18,3027,212,51,297,26,301,1,synthetic,0
805,805,3,1,88,23,18285,489,144,582,44,601,1,synthetic,1
806,806,4,4,87,3,1464,54,53,99,34,102,2,synthetic,1
807,807,3,2,86,10,3907,85,151,280,39,291,2,synthetic,1
808,808,1,4,87,5,3308,85,44,162,6,103,1,synthetic,1
809,809,2,3,86,8,857,59,77,156,16,128,1,synthetic,0
810,810,3,1,87,8,1449,94,117,254,35,266,1,synthetic,0
811,811,4,3,87,28,8754,317,340,740,36,739,1,synthetic,1
812,812,2,1,86,32,7685,303,279,594,25,559,1,synthetic,1
813,813,0,1,86,9,2918,61,193,236,31,202,2,synthetic,0
814,814,1,3,85,8,1377,236,43,167,34,158,2,synthetic,0
815,815,1,0,84,20,3415,197,187,438,28,366,2,synthetic,0
816,816,1,2,86,6,2698,167,117,265,43,296,1,synthetic,1
817,817,2,4,86,36,4436,220,47,266,29,258,2,synthetic,1
818,818,1,-1,84,9,11438,136,179,288,38,293,1,synthetic,1
819,819,1,1,86,6,3616,59,72,143,14,117,1,synthetic,1
820,820,1,1,85,5,6212,192,50,273,35,263,2,synthetic,1
821,821,2,1,87,12,3287,450,41,339,31,330,2,synthetic,1
822,822,4,2,87,17,825,79,41,113,18,104,1,synthetic,0
823,823,4,4,86,8,3800,129,162,333,29,323,2,synthetic,1
824,824,1,1,82,8,3556,191,75,265,30,255,3,synthetic,1
825,825,1,-1,87,5,3380,72,61,158,33,129,1,synthetic,0
826,826,4,4,85,6,1421,172,52,172,14,129,2,synthetic,0
827,827,1,1,85,8,8666,159,233,457,38,508,3,synthetic,1
828,828,0,2,85,15,4118,465,134,686,35,640,2,synthetic,0
829,829,-1,0,87,13,2834,141,47,255,34,228,2,synthetic,0
830,830,2,1,85,13,7284,307,133,663,28,599,1,synthetic,1
831,831,1,0,88,4,724,41,32,82,14,63,1,synthetic,0
832,832,4,2,86,9,4358,44,38,108,34,108,1,synthetic,0
833,833,2,4,87,10,3925,407,37,280,50,308,2,synthetic,1
834,834,4,3,86,12,4339,42,81,98,33,99,1,synthetic,1
835,835,3,4,86,9,7975,170,144,332,38,318,3,synthetic,1
836,836,4,1,85,5,3926,100,74,227,27,193,1,synthetic,1
837,837,4,6,85,37,8167,465,111,493,14,452,2,synthetic,0
838,838,1,1,86,5,3398,99,41,148,14,105,1,synthetic,1
839,839,-1,-1,85,8,688,42,47,100,31,103,1,synthetic,0
840,840,1,3,85,14,3295,64,105,194,14,153,2,synthetic,1
841,841,1,0,88,9,3945,76,184,188,24,150,1,synthetic,0
842,842,1,1,87,27,4664,771,125,706,36,706,1,synthetic,0
843,843,1,0,87,5,2392,44,70,142,23,115,1,synthetic,0
844,844,1,4,85,6,6699,453,110,510,35,626,1,synthetic,1
845,845,1,1,85,4,2584,139,33,139,15,95,2,synthetic,0
846,846,3,2,86,9,1216,108,52,160,24,136,3,synthetic,1
847,847,1,0,87,22,5408,199,238,656,17,631,1,synthetic,0
848,848,1,1,85,5,946,86,31,115,18,107,2,synthetic,0
849,849,1,1,86,12,2253,103,44,147,6,103,2,synthetic,1
850,850,1,4,85,17,2630,92,347,512,17,411,3,synthetic,0
851,851,1,3,85,6,598,41,48,81,10,68,3,synthetic,0
852,852,1,3,86,12,3813,273,119,456,24,399,2,synthetic,1
853,853,0,1,87,14,12090,434,51,414,19,331,1,synthetic,1
854,854,1,4,87,5,3760,47,72,99,6,82,1,synthetic,1
855,855,4,7,85,15,9183,226,251,464,35,554,1,synthetic,1
856,856,1,2,87,8,5435,87,119,303,39,310,2,synthetic,1
857,857,2,3,87,17,15173,90,126,291,29,265,2,synthetic,1
858,858,0,1,86,4,5685,123,87,246,39,269,2,synthetic,1
859,859,4,3,85,9,5927,112,123,272,40,262,2,synthetic,1
860,860,4,3,84,15,9584,489,307,956,50,966,1,synthetic,1
861,861,2,4,85,16,3870,207,122,321,40,328,2,synthetic,1
862,862,4,1,87,8,3832,222,117,332,28,311,1,synthetic,0
863,863,3,1,86,6,4018,70,243,325,14,245,1,synthetic,1
864,864,-1,0,86,12,3129,204,39,221,18,183,1,synthetic,0
865,865,2,1,85,5,3986,145,132,297,33,292,3,synthetic,1
866,866,2,3,86,27,14909,701,236,776,39,677,1,synthetic,1
867,867,1,1,85,8,8617,51,273,204,15,200,2,synthetic,1
868,868,4,4,83,17,18583,402,229,669,52,696,1,synthetic,1
869,869,1,1,85,3,1246,19,55,90,14,84,1,synthetic,0
870,870,0,4,86,14,1402,635,51,382,10,288,3,synthetic,0
871,871,2,3,86,8,4023,123,41,153,6,99,2,synthetic,0
872,872,1,2,86,17,3548,327,75,425,23,398,1,synthetic,1
873,873,4,3,85,6,2174,97,138,186,25,194,1,synthetic,0
874,874,2,4,87,13,3502,188,101,295,32,290,3,synthetic,0
875,875,1,1,85,18,754,148,50,173,20,162,1,synthetic,1
876,876,3,-1,86,18,4793,285,173,425,40,453,2,synthetic,1
877,877,-1,3,85,5,873,74,52,146,18,101,1,synthetic,0
878,878,1,2,86,28,7580,490,145,553,33,563,1,synthetic,1
879,879,3,4,85,15,10454,123,155,276,34,312,1,synthetic,0
880,880,4,1,85,11,6010,46,374,320,14,235,2,synthetic,1
881,881,2,3,84,16,9341,257,220,552,52,537,2,synthetic,1
882,882,2,3,83,15,3104,59,122,208,36,186,1,synthetic,0
883,883,4,7,84,12,1580,83,85,212,14,197,2,synthetic,0
884,884,1,-1,86,14,1292,115,318,421,11,330,2,synthetic,0
885,885,2,3,85,15,2738,403,90,435,25,454,3,synthetic,1
886,886,2,3,85,5,1008,131,41,143,15,121,1,synthetic,0
887,887,1,2,84,9,789,45,73,105,25,112,1,synthetic,0
888,888,4,5,88,12,5476,120,363,621,29,634,2,synthetic,0
889,889,4,4,86,8,5329,138,121,279,19,252,1,synthetic,1
890,890,4,3,87,24,4901,109,178,284,39,293,1,synthetic,0
891,891,4,7,84,13,8846,103,332,461,37,472,2,synthetic,1
892,892,-1,0,85,5,843,94,37,104,6,84,1,synthetic,1
893,893,4,3,86,9,2840,134,108,167,38,198,1,synthetic,0
894,894,1,0,85,6,1642,117,29,97,36,96,1,synthetic,0
895,895,4,4,87,4,2627,89,59,159,35,153,2,synthetic,1
896,896,4,4,86,5,1581,469,73,550,41,656,1,synthetic,0
897,897,3,3,85,4,1616,169,43,176,37,173,3,synthetic,0
898,898,1,1,82,5,822,48,102,143,18,109,2,synthetic,0
899,899,4,4,86,21,8284,201,95,409,25,353,1,synthetic,1
900,900,4,3,85,19,12297,630,127,522,37,572,1,synthetic,1
901,901,2,2,88,3,2361,255,59,313,36,299,1,synthetic,1
902,902,4,4,86,9,2327,98,96,209,28,210,2,synthetic,0
903,903,4,4,86,11,2275,97,93,164,36,154,1,synthetic,0
904,904,3,4,87,8,3902,121,95,248,39,246,3,synthetic,0
905,905,4,0,86,17,14032,247,171,464,50,529,1,synthetic,1
906,906,4,1,86,10,3846,98,103,166,38,185,1,synthetic,1
907,907,3,3,84,5,2391,43,92,101,28,96,1,synthetic,1
908,908,1,3,85,6,2373,43,112,188,41,215,2,synthetic,0
909,909,4,1,85,21,14205,204,333,512,35,625,1,synthetic,1
910,910,1,4,84,5,885,50,76,124,6,93,1,synthetic,0
911,911,2,1,85,5,8743,80,99,172,32,179,2,synthetic,1
912,912,4,3,85,5,5005,117,242,282,35,307,2,synthetic,1
913,913,2,2,85,12,2911,116,78,186,35,187,2,synthetic,0
914,914,3,4,86,9,2523,82,89,152,16,112,2,synthetic,1
915,915,4,0,84,9,14535,193,244,428,38,388,2,synthetic,1
916,916,3,1,86,6,2294,276,185,481,28,413,1,synthetic,1
917,917,3,4,85,10,654,126,95,218,18,180,1,synthetic,0
918,918,2,1,85,17,4234,78,40,157,35,137,2,synthetic,1
919,919,1,1,86,5,1581,23,47,77,24,69,1,synthetic,0
920,920,4,4,86,22,9033,217,120,404,42,472,2,synthetic,1
921,921,4,1,85,5,4303,126,192,335,35,308,1,synthetic,1
922,922,0,0,86,14,9200,257,51,274,24,235,1,synthetic,1
923,923,1,1,87,9,2525,293,43,229,12,159,1,synthetic,0
924,924,1,0,85,15,9902,220,311,599,29,499,1,synthetic,0
925,925,4,4,87,12,2340,191,57,260,40,257,2,synthetic,0
926,926,0,0,86,14,5913,175,100,282,22,294,1,synthetic,1
927,927,1,1,86,6,2344,97,76,109,17,97,1,synthetic,0
928,928,4,2,84,12,14339,87,246,282,34,305,3,synthetic,1
929,929,1,6,86,16,9426,316,71,365,35,380,1,synthetic,0
930,930,4,4,87,32,8125,130,181,452,13,303,2,synthetic,0
931,931,2,2,83,10,6980,127,46,227,23,178,3,synthetic,1
932,932,4,3,86,12,5878,303,100,464,18,400,3,synthetic,1
933,933,1,4,85,13,2403,185,123,399,14,323,3,synthetic,0
934,934,2,3,87,13,1540,162,55,210,14,153,1,synthetic,0
935,935,-1,-1,86,4,2527,70,47,148,26,132,3,synthetic,1
936,936,1,3,83,9,2563,165,51,274,23,271,2,synthetic,1
937,937,4,4,85,6,2874,162,128,308,26,279,2,synthetic,1
938,938,1,1,85,21,7291,148,95,291,16,241,1,synthetic,1
939,939,3,4,87,16,3589,314,89,324,28,342,3,synthetic,0
940,940,2,3,86,26,3545,84,54,171,23,168,2,synthetic,0
941,941,3,2,87,10,3873,53,385,345,26,331,2,synthetic,1
942,942,4,3,87,8,3847,166,59,291,33,294,1,synthetic,0
943,943,4,4,86,14,8840,123,183,322,28,340,1,synthetic,0
944,944,0,0,86,15,9766,124,234,422,31,433,3,synthetic,1
945,945,0,3,85,17,8888,220,120,375,34,424,1,synthetic,1
946,946,4,1,84,10,2355,83,133,240,51,290,1,synthetic,0
947,947,2,3,86,6,2617,219,80,276,23,194,2,synthetic,0
948,948,2,4,83,4,1636,99,32,98,14,85,1,synthetic,1
949,949,2,3,86,9,3733,314,185,430,41,428,1,synthetic,1
950,950,2,2,88,11,3989,102,74,187,33,192,1,synthetic,1
951,951,4,3,86,13,8466,318,130,443,38,452,1,synthetic,1
952,952,2,4,87,15,3688,186,75,294,26,275,1,synthetic,0
953,953,2,2,86,9,3980,116,211,386,19,347,1,synthetic,0
954,954,1,1,85,28,7377,310,190,533,25,416,1,synthetic,1
955,955,1,-1,84,10,16240,214,76,295,38,257,2,synthetic,1
956,956,4,4,85,6,3334,297,216,724,25,711,3,synthetic,0
957,957,2,1,85,12,2871,167,44,191,33,184,1,synthetic,0
958,958,2,4,85,19,2512,237,78,304,32,290,1,synthetic,0
959,959,1,-1,85,5,5716,129,43,170,18,122,1,synthetic,1
960,960,3,1,86,17,6016,195,122,394,39,429,2,synthetic,0
961,961,3,3,86,14,3798,158,100,293,24,261,3,synthetic,0
962,962,4,4,86,6,4789,102,184,258,34,259,1,synthetic,1
963,963,0,3,85,16,5013,464,97,507,7,508,1,synthetic,0
964,964,4,3,84,4,2487,37,103,126,17,110,2,synthetic,1
965,965,4,4,86,12,1620,217,60,232,36,260,2,synthetic,1
966,966,2,5,87,13,3121,98,238,331,26,307,1,synthetic,1
967,967,1,4,86,8,2465,227,175,453,17,353,2,synthetic,0
968,968,2,3,86,6,3787,133,40,131,25,106,2,synthetic,1
969,969,4,4,88,8,3178,97,125,255,42,290,3,synthetic,0
970,970,4,4,86,8,13631,203,120,438,52,511,1,synthetic,0
971,971,1,2,85,13,11929,311,166,573,35,628,3,synthetic,1
972,972,2,3,86,9,3178,111,182,276,17,298,1,synthetic,0
973,973,4,0,85,6,892,48,9,77,14,62,2,synthetic,1
974,974,0,1,87,6,6259,311,128,438,49,437,2,synthetic,1
975,975,0,1,86,31,8239,283,77,380,34,361,1,synthetic,1
976,976,1,1,87,4,2214,49,39,89,16,81,2,synthetic,1
977,977,3,3,84,9,3693,74,120,209,14,172,1,synthetic,0
978,978,1,2,86,16,10386,251,121,477,36,452,1,synthetic,1
979,979,1,-1,88,8,3392,273,94,378,27,353,1,synthetic,1
980,980,1,4,87,4,2305,32,60,101,12,82,1,synthetic,0
981,981,4,3,86,8,3213,535,130,666,39,696,1,synthetic,1
